category,product_name,active_ingredients,strength,form,package,pharmacy,sku,wholesale_cost,retail_price,rx_required,tags,notes
Hormone Therapy,Anastrozole,,0.1mg,capsule,,V Pharm,ANA10,0.5,,yes,aromatase-inhibitor,form inferred
Hormone Therapy,Anastrozole,,0.25mg,capsule,,V Pharm,ANA25,0.5,,yes,aromatase-inhibitor,form inferred
Hormone Therapy,Anastrozole,,0.5mg,capsule,,V Pharm,ANA50,0.5,,yes,aromatase-inhibitor,form inferred
Hormone Therapy,Anastrozole,,1mg,capsule,,V Pharm,ANA100,0.5,,yes,aromatase-inhibitor,form inferred
Hormone Therapy,BIEST(80 E3: 20 E2),,0.5MG/ML,cream,30mLTube,V Pharm,BIEST802005,27.5,,yes,,
Hormone Therapy,BIEST(80 E3: 20 E2),,1MG/ML,cream,30mLTube,V Pharm,BIEST80201,27.5,,yes,,
Hormone Therapy,BIEST(80 E3: 20 E2),,1.5MG/ML,cream,30mLTube,V Pharm,BIEST802015,27.5,,yes,,
Hormone Therapy,BIEST(80 E3: 20 E2),,2MG/ML,cream,30mLTube,V Pharm,BIEST80202,27.5,,yes,,
Hormone Therapy,BIEST(80 E3: 20 E2),,2.5MG/ML,cream,30mLTube,V Pharm,BIEST80202.5,27.5,,yes,,
Hormone Therapy,BIEST(80 E3: 20 E2),,3MG/ML,cream,30mLTube,V Pharm,BIEST802023,27.5,,yes,,
Hormone Therapy,BIEST(80 E3: 20 E2),,3.5MG/ML,cream,30mLTube,V Pharm,BIEST802023.5,27.5,,yes,,
Hormone Therapy,BIEST(80 E3: 20 E2),,4MG/ML,cream,30mLTube,V Pharm,BIEST802024,27.5,,yes,,
Hormone Therapy,BIEST(80 E3: 20 E2),,4.5MG/ML,cream,30mLTube,V Pharm,BIEST802024.5,27.5,,yes,,
Hormone Therapy,BIEST(80 E3: 20 E2),,5MG/ML,cream,30mLTube,V Pharm,BIEST802025,27.5,,yes,,
Hormone Therapy,BIEST(80 E3: 20 E2),,5.5MG/ML,cream,30mLTube,V Pharm,BIEST802025.5,27.5,,yes,,
Hormone Therapy,BIEST(80 E3: 20 E2),,6MG/ML,cream,30mLTube,V Pharm,BIEST802026,27.5,,yes,,
Hormone Therapy,BIEST(80 E3: 20 E2),,6.5MG/ML,cream,30mLTube,V Pharm,BIEST802026.5,27.5,,yes,,
Hormone Therapy,BIEST(80 E3: 20 E2),,7MG/ML,cream,30mLTube,V Pharm,BIEST802027,27.5,,yes,,
Hormone Therapy,BIEST(80 E3: 20 E2),,7.5MG/ML,cream,30mLTube,V Pharm,BIEST802027.5,27.5,,yes,,
Hormone Therapy,BIEST(80 E3: 20 E2),,8MG/ML,cream,30mLTube,V Pharm,BIEST802028,27.5,,yes,,
Hormone Therapy,BIEST(80 E3: 20 E2),,1MG,capsule,,V Pharm,BIEST802021CAP,0.75,,yes,,
Hormone Therapy,BIEST(80 E3: 20 E2),,1.5MG,capsule,,V Pharm,BIEST802021.5CAP,0.75,,yes,,
Hormone Therapy,BIEST(80 E3: 20 E2),,2MG,capsule,,V Pharm,BIEST802022CAP,0.75,,yes,,
Hormone Therapy,BIEST(80 E3: 20 E2),,2.5MG,capsule,,V Pharm,BIEST8020212.5CAP,0.75,,yes,,
Hormone Therapy,BIEST(80 E3: 20 E2),,3MG,capsule,,V Pharm,BIEST802023CAP,0.75,,yes,,
Hormone Therapy,BIEST(80 E3: 20 E2),,3.5MG,capsule,,V Pharm,BIEST802023.5CAP,0.75,,yes,,
Hormone Therapy,BIEST(80 E3: 20 E2),,4MG,capsule,,V Pharm,BIEST802024CAP,0.75,,yes,,
Hormone Therapy,BIEST(80 E3: 20 E2),,4.5MG,capsule,,V Pharm,BIEST802024.5CAP,0.75,,yes,,
Hormone Therapy,BIEST(80 E3: 20 E2),,5MG,capsule,,V Pharm,BIEST802025CAP,0.75,,yes,,
Hormone Therapy,BIEST(80 E3: 20 E2),,5.5MG,capsule,,V Pharm,BIEST802025.5CAP,0.75,,yes,,
Hormone Therapy,BIEST(80 E3: 20 E2),,6MG,capsule,,V Pharm,BIEST802026CAP,0.75,,yes,,
Hormone Therapy,BIEST(50 E3: 50 E2),,0.5MG/ML,cream,30mLTube,V Pharm,BIEST505005,27.5,,yes,,
Hormone Therapy,BIEST(50 E3: 50 E2),,1MG/ML,cream,30mLTube,V Pharm,BIEST50501,27.5,,yes,,
Hormone Therapy,BIEST(50 E3: 50 E2),,1.5MG/ML,cream,30mLTube,V Pharm,BIEST505015,27.5,,yes,,
Hormone Therapy,BIEST(50 E3: 50 E2),,2MG/ML,cream,30mLTube,V Pharm,BIEST50502,27.5,,yes,,
Hormone Therapy,BIEST(50 E3: 50 E2),,2.5MG/ML,cream,30mLTube,V Pharm,BIEST50502.5,27.5,,yes,,
Hormone Therapy,BIEST(50 E3: 50 E2),,3MG/ML,cream,30mLTube,V Pharm,BIEST505023,27.5,,yes,,
Hormone Therapy,BIEST(50 E3: 50 E2),,3.5MG/ML,cream,30mLTube,V Pharm,BIEST505023.5,27.5,,yes,,
Hormone Therapy,BIEST(50 E3: 50 E2),,4MG/ML,cream,30mLTube,V Pharm,BIEST505024,27.5,,yes,,
Hormone Therapy,BIEST(50 E3: 50 E2),,4.5MG/ML,cream,30mLTube,V Pharm,BIEST505024.5,27.5,,yes,,
Hormone Therapy,BIEST(50 E3: 50 E2),,5MG/ML,cream,30mLTube,V Pharm,BIEST505025,27.5,,yes,,
Hormone Therapy,BIEST(50 E3: 50 E2),,5.5MG/ML,cream,30mLTube,V Pharm,BIEST505025.5,27.5,,yes,,
Hormone Therapy,BIEST(50 E3: 50 E2),,6MG/ML,cream,30mLTube,V Pharm,BIEST505026,27.5,,yes,,
Hormone Therapy,BIEST(50 E3: 50 E2),,6.5MG/ML,cream,30mLTube,V Pharm,BIEST505026.5,27.5,,yes,,
Hormone Therapy,BIEST(50 E3: 50 E2),,7MG/ML,cream,30mLTube,V Pharm,BIEST505027,27.5,,yes,,
Hormone Therapy,BIEST(50 E3: 50 E2),,7.5MG/ML,cream,30mLTube,V Pharm,BIEST505027.5,27.5,,yes,,
Hormone Therapy,BIEST(50 E3: 50 E2),,8MG/ML,cream,30mLTube,V Pharm,BIEST505028,27.5,,yes,,
Hormone Therapy,BIEST(50 E3: 50 E2),,1MG,capsule,,V Pharm,BIEST505021CAP,0.75,,yes,,
Hormone Therapy,BIEST(50 E3: 50 E2),,1.5MG,capsule,,V Pharm,BIEST505021.5CAP,0.75,,yes,,
Hormone Therapy,BIEST(50 E3: 50 E2),,2MG/M,capsule,,V Pharm,BIEST505022CAP,0.75,,yes,,
Hormone Therapy,BIEST(50 E3: 50 E2),,2.5MG,capsule,,V Pharm,BIEST5050212.5CAP,0.75,,yes,,
Hormone Therapy,BIEST(50 E3: 50 E2),,3MG,capsule,,V Pharm,BIEST505023CAP,0.75,,yes,,
Hormone Therapy,BIEST(50 E3: 50 E2),,3.5MG,capsule,,V Pharm,BIEST505023.5CAP,0.75,,yes,,
Hormone Therapy,BIEST(50 E3: 50 E2),,4MG,capsule,,V Pharm,BIEST505024CAP,0.75,,yes,,
Hormone Therapy,BIEST(50 E3: 50 E2),,4.5MG,capsule,,V Pharm,BIEST505024.5CAP,0.75,,yes,,
Hormone Therapy,BIEST(50 E3: 50 E2),,5MG,capsule,,V Pharm,BIEST505025CAP,0.75,,yes,,
Hormone Therapy,BIEST(50 E3: 50 E2),,5.5MG,capsule,,V Pharm,BIEST505025.5CAP,0.75,,yes,,
Hormone Therapy,BIEST(50 E3: 50 E2),,6MG,capsule,,V Pharm,BIEST505026CAP,0.75,,yes,,
Hormone Therapy,Clomiphene Capsule,,12.5mg,capsule,,V Pharm,CLOMCAP12.5,0.63,,yes,fertility,
Hormone Therapy,Clomiphene Capsule,,25mg,capsule,,V Pharm,CLOMCAP25,0.75,,yes,fertility,
Hormone Therapy,Clomiphene Capsule,,51mg,capsule,,V Pharm,CLOMCAP51,0.88,,yes,fertility,
Hormone Therapy,DHEASR,,5mg,capsule,,V Pharm,DHEASR5,0.5,,yes,,form inferred
Hormone Therapy,DHEASR,,10mg,capsule,,V Pharm,DHEASR10,0.5,,yes,,form inferred
Hormone Therapy,DHEASR,,25mg,capsule,,V Pharm,DHEASR25,0.5,,yes,,form inferred
Hormone Therapy,DHEASR,,50mg,capsule,,V Pharm,DHEASR50,0.5,,yes,,form inferred
Hormone Therapy,DHEASR,,100mg,capsule,,V Pharm,DHEASR100,0.5,,yes,,form inferred
Hormone Therapy,DHEA,,5mg/ml,cream,,V Pharm,DHEA5CR,0.63,,yes,,
Hormone Therapy,DHEA,,10mg/ml,cream,,V Pharm,DHEA10CR,0.63,,yes,,
Hormone Therapy,DHEA,,25mg/ml,cream,,V Pharm,DHEA25CR,0.63,,yes,,
Hormone Therapy,DHEA,,50mg/ml,cream,,V Pharm,DHEA50CR,0.75,,yes,,
Hormone Therapy,DHEA,,100mg/ml,cream,,V Pharm,DHEA100CR,0.75,,yes,,
Hormone Therapy,Enclomiphene Capsule,,25mg,capsule,,V Pharm,ENC25,1.25,,yes,fertility,
Hormone Therapy,Enclomiphene Capsule,,51mg,capsule,,V Pharm,ENC50,2.19,,yes,fertility,
Hormone Therapy,Estradiol,,0.25mg,capsule,,V Pharm,ESTR0.25CAP,0.63,,yes,,
Hormone Therapy,Estradiol,,0.5mg,capsule,,V Pharm,ESTR0.5CAP,0.63,,yes,,
Hormone Therapy,Estradiol,,1mg,capsule,,V Pharm,ESTR1CAP,0.63,,yes,,
Hormone Therapy,Estradiol,,1.5mg,capsule,,V Pharm,ESTR1.5CAP,0.63,,yes,,
Hormone Therapy,Estradiol,,2mg,capsule,,V Pharm,ESTR2CAP,0.63,,yes,,
Hormone Therapy,Estradiol,,2.5mg,capsule,,V Pharm,ESTR2.5CAP,0.63,,yes,,
Hormone Therapy,Estradiol,,0.25MG/ML,cream,30mLTube,V Pharm,ESTRCR0.25,27.5,,yes,,
Hormone Therapy,Estradiol,,0.5MG/ML,cream,30mLTube,V Pharm,ESTRCR0.5,27.5,,yes,,
Hormone Therapy,Estradiol,,1MG/ML,cream,30mLTube,V Pharm,ESTRCR1,27.5,,yes,,
Hormone Therapy,Estradiol,,1.5MG/ML,cream,30mLTube,V Pharm,ESTRCR1.5,27.5,,yes,,
Hormone Therapy,Estradiol,,2MG/ML,cream,30mLTube,V Pharm,ESTRCR2,27.5,,yes,,
Hormone Therapy,Estradiol,,2.5MG/ML,cream,30mLTube,V Pharm,ESTRCR2.5,27.5,,yes,,
Hormone Therapy,Estradiol,,3MG/ML,cream,30mLTube,V Pharm,ESTRCR3,27.5,,yes,,
Hormone Therapy,ESTRADIOL,,0.1MG/ML,cream,30mLTube,V Pharm,ESTRVAGCRM0.1,27.5,,yes,,
Hormone Therapy,ESTRADIOL,,0.5MG/ML,cream,30mLTube,V Pharm,ESTRVAGCRM0.5,27.5,,yes,,
Hormone Therapy,ESTRADIOL,,0.01%,cream,30mLTube,V Pharm,ESTRVAGCRM0.01,27.5,,yes,,
Hormone Therapy,ESTRADIOL,,10MG/ML,cream,30mLTube,V Pharm,ESTRVAGCRM10,27.5,,yes,,
Hormone Therapy,Estradiol 0.5mg Tablet,,0.5mg,tablet,,V Pharm,ESTR0.5TAB,0.94,,yes,,
Hormone Therapy,Estradiol 10mcg Vaginal Insert,,10mcg,tablet,,V Pharm,ESTR0.5TAB,93.75,,yes,,
Hormone Therapy,Estradiol 1mg Tablet,,1mg,tablet,,V Pharm,ESTR1,0.94,,yes,,
Hormone Therapy,Estradiol 2mg Tablet,,2mg,tablet,,V Pharm,ESTR2-VS,0.94,,yes,,
Hair Restoration,Finasteride,,.50mg,capsule,,V Pharm,FINA.50MG,0.5,,yes,,form inferred
Hair Restoration,Finasteride-commercial,,1.0mg,capsule,,V Pharm,FINACOM1,0.5,,yes,,form inferred
Hair Restoration,Finasteride/Minoxidil,,0.25%/5%,capsule,,V Pharm,FINAMINFO255,40,,yes,,form inferred
Hair Restoration,Finasteride/Minoxidil,,0.25/12%,capsule,,V Pharm,FINAMINFO2512,40,,yes,,form inferred
Hair Restoration,Finasteride/Minoxidil,,1mg/2.5mg,capsule,,V Pharm,FINAMINCAP125,0.94,,yes,,
Hair Restoration,Finasteride/Minoxidil,,0.25/12%;,capsule,30mL,V Pharm,FINMINSOL25,40,,yes,,form inferred
Hair Restoration,Finasteride/Minoxidil/Tretinoin,,0.25mg/5.0mg/0.03% 30ml,capsule,,V Pharm,FINMINTRETF,40,,yes,,form inferred
Weight Management,Metformin,,500mg,tablet,,V Pharm,MET500,0.5,,yes,,
Weight Management,Metformin,,1000mg,tablet,,V Pharm,MET1000,0.5,,yes,,
Hair Restoration,Minoxidil,,2.5mg,capsule,,V Pharm,MINOXIDIL25,0.5,,yes,,form inferred
Weight Management,Low Dose Naltrexone,,1.5mg,injectable,,V Pharm,LDNAL1.5,1.25,,yes,metabolic,LDN — also used for autoimmune/inflammation; form inferred
Weight Management,Low Dose Naltrexone,,3mg,injectable,,V Pharm,LDNAL3,1.25,,yes,metabolic,LDN — also used for autoimmune/inflammation; form inferred
Weight Management,Low Dose Naltrexone,,4.5mg,injectable,,V Pharm,LDNAL4.5,1.25,,yes,metabolic,LDN — also used for autoimmune/inflammation; form inferred
Weight Management,Low Dose Naltrexone,,6mg,injectable,,V Pharm,LDNAL6,1.25,,yes,metabolic,LDN — also used for autoimmune/inflammation; form inferred
Sexual Wellness,Oxytocin,,50IU,troche,,V Pharm,OXY-50-RDT-VS,0.75,,yes,peptide,
Sexual Wellness,Oxytocin,,250IU,troche,,V Pharm,OXY-250-RDT-VS,1.25,,yes,peptide,
Weight Management,Phentermine,,37.5mg,tablet,,V Pharm,PHENTAB375,0.63,,yes,,
Weight Management,Phentermine/Topiramate,,15mg/12.5mg,injectable,,V Pharm,PHEN-TOP-15-VS,1.25,,yes,,form inferred
Weight Management,Phentermine/Topiramate,,30mg/12.5mg,injectable,,V Pharm,PHEN-TOP-30-VS,1.25,,yes,,form inferred
Hormone Therapy,Pregnenolone,,25mg,capsule,,V Pharm,PREG-CAPS-25MG-VIOS,0.75,,yes,,
Hormone Therapy,Pregnenolone,,50mg,capsule,,V Pharm,PREG-CAPS-50MG-VIOS,0.75,,yes,,
Hormone Therapy,Pregnenolone,,100mg,capsule,,V Pharm,PREG-CAPS-100MG-VIOS,0.94,,yes,,
Hormone Therapy,Progesterone,,25mg,capsule,,V Pharm,PRGT25CAP,0.75,,yes,,
Hormone Therapy,Progesterone,,50mg,capsule,,V Pharm,PRGT50CAP,0.75,,yes,,
Hormone Therapy,Progesterone,,100mg,capsule,,V Pharm,PRGT50CAP,0.75,,yes,,
Hormone Therapy,Progesterone,,200mg,capsule,,V Pharm,PRGT200CAP,0.94,,yes,,
Hormone Therapy,Progesterone,,50mg/mL,cream,30mLTube,V Pharm,PROG-CREAM-50/30-VIOS,27.5,,yes,,
Hormone Therapy,Progesterone,,100mg/mL,cream,30mLTube,V Pharm,PROG-CREAM-100/30-VS,27.5,,yes,,
Hormone Therapy,Progesterone,,200mg/mL,cream,30mLTube,V Pharm,PROG-CREAM-200/30-VS,27.5,,yes,,
Sexual Wellness,Sildenafil,,55mg,capsule,,V Pharm,SIL-55-CAP-VS,1.25,,yes,,
Sexual Wellness,Sildenafil,,110mg,capsule,,V Pharm,SIL-110-CAP-VS,1.25,,yes,,
Sexual Wellness,SildenafilCitrate,,125mg,troche,,V Pharm,SIL-CIT-125-TRO-VS,1.38,,yes,,
Sexual Wellness,Sildenafil/TadalafilSL,,120mg/22mg,troche,,V Pharm,SIL-TAD-120-22-TRO-VS,1.88,,yes,,
Hair Restoration,Spironolactone,,10mg,capsule,,V Pharm,SPIROL-10-VS,0.75,,yes,review,androgenetic alopecia use; also prescribed for acne; form inferred
Hair Restoration,Spironolactone,,55mg,capsule,,V Pharm,SPIROL-55-VS,0.75,,yes,review,androgenetic alopecia use; also prescribed for acne; form inferred
Hair Restoration,Spironolactone,,75mg,capsule,,V Pharm,SPIROL-75-VS,0.75,,yes,review,androgenetic alopecia use; also prescribed for acne; form inferred
Hair Restoration,Spironolactone,,115mg,capsule,,V Pharm,SPIROL-115-VS,1,,yes,review,androgenetic alopecia use; also prescribed for acne; form inferred
Sexual Wellness,Tadalafil,,5.5mg,capsule,,V Pharm,TAD5.5-CAP-VS,0.5,,yes,,
Sexual Wellness,Tadalafil,,25mg,capsule,,V Pharm,TAD25-CAP-VS,1,,yes,,
Hormone Therapy,Testosterone,,0.5mg,troche,,V Pharm,TEST-0.5-TRO-VS,0.88,,yes,men's-sexual-health,
Hormone Therapy,Testosterone,,1mg,troche,,V Pharm,TEST-1-TRO-VS,0.88,,yes,men's-sexual-health,
Hormone Therapy,Testosterone,,1.5mg,troche,,V Pharm,TEST-1.5-TRO-VS,0.88,,yes,men's-sexual-health,
Hormone Therapy,Testosterone,,2mg,troche,,V Pharm,TEST-2-TRO-VS,0.88,,yes,men's-sexual-health,
Hormone Therapy,Testosterone,,2.5mg,troche,,V Pharm,TEST-2.5-TRO-VS,0.88,,yes,men's-sexual-health,
Hormone Therapy,Testosterone,,3mg,troche,,V Pharm,TEST-3-TRO-VS,0.88,,yes,men's-sexual-health,
Hormone Therapy,Testosterone,,3.5mg,troche,,V Pharm,TEST-3.5-TRO-VS,0.88,,yes,men's-sexual-health,
Hormone Therapy,Testosterone,,4mg,troche,,V Pharm,TEST-4-TRO-VS,0.88,,yes,men's-sexual-health,
Hormone Therapy,Testosterone,,4.5mg,troche,,V Pharm,TEST-4.5-TRO-VS,0.88,,yes,men's-sexual-health,
Hormone Therapy,Testosterone,,5mg,troche,,V Pharm,TEST-5-TRO-VS,0.88,,yes,men's-sexual-health,
Hormone Therapy,Testosterone,,5.5mg,troche,,V Pharm,TEST-5.5-TRO-VS,0.88,,yes,men's-sexual-health,
Hormone Therapy,Testosterone,,6mg,troche,,V Pharm,TEST-6-TRO-VS,0.88,,yes,men's-sexual-health,
Hormone Therapy,Testosterone,,6.5mg,troche,,V Pharm,TEST-6.5-TRO-VS,0.88,,yes,men's-sexual-health,
Hormone Therapy,Testosterone,,7mg,troche,,V Pharm,TEST-7-TRO-VS,0.88,,yes,men's-sexual-health,
Hormone Therapy,Testosterone,,7.5mg,troche,,V Pharm,TEST-7.5-TRO-VS,0.88,,yes,men's-sexual-health,
Hormone Therapy,Testosterone,,8mg,troche,,V Pharm,TEST-8-TRO-VS,0.88,,yes,men's-sexual-health,
Hormone Therapy,Testosterone,,8.5mg,troche,,V Pharm,TEST-8.5-TRO-VS,0.88,,yes,men's-sexual-health,
Hormone Therapy,Testosterone,,9mg,troche,,V Pharm,TEST-9-TRO-VS,0.88,,yes,men's-sexual-health,
Hormone Therapy,Testosterone,,9.5mg,troche,,V Pharm,TEST-9.5-TRO-VS,0.88,,yes,men's-sexual-health,
Hormone Therapy,Testosterone,,10mg,troche,,V Pharm,TESTTROCHE10BE,0.88,,yes,men's-sexual-health,
Hormone Therapy,Testosterone,,25mg,troche,,V Pharm,TESTTROCHE25BE,0.88,,yes,men's-sexual-health,
Hormone Therapy,Testosterone,,50mg,troche,,V Pharm,TESTTROCHE50BE,0.88,,yes,men's-sexual-health,
Hormone Therapy,Testosterone,,75mg,troche,,V Pharm,TESTTROCHE75BE,0.94,,yes,men's-sexual-health,
Hormone Therapy,Testosterone,,100mg,troche,,V Pharm,TESTTROCHE100BE,0.94,,yes,men's-sexual-health,
Hormone Therapy,Testosterone,,200mg,troche,,V Pharm,TESTTROCHE200BE,1.25,,yes,men's-sexual-health,
Hormone Therapy,Testosterone,,0.5MG/ML,cream,30mLTube,V Pharm,TESTOS0.5MGMLCREA,27.5,,yes,men's-sexual-health,
Hormone Therapy,Testosterone,,1MG/ML,cream,30mLTube,V Pharm,TESTOS1MGMLCREA,27.5,,yes,men's-sexual-health,
Hormone Therapy,Testosterone,,2MG/ML,cream,30mLTube,V Pharm,TESTOS2MGMLCREA,27.5,,yes,men's-sexual-health,
Hormone Therapy,Testosterone,,3MG/ML,cream,30mLTube,V Pharm,TESTOS3MGMLCREA,27.5,,yes,men's-sexual-health,
Hormone Therapy,Testosterone,,4MG/ML,cream,30mLTube,V Pharm,TESTOS4MGMLCREA,27.5,,yes,men's-sexual-health,
Hormone Therapy,Testosterone,,5MG/ML,cream,30mLTube,V Pharm,TESTOS5MGMLCREA,27.5,,yes,men's-sexual-health,
Hormone Therapy,Testosterone,,6MG/ML,cream,30mLTube,V Pharm,TESTOS6MGMLCREA,27.5,,yes,men's-sexual-health,
Hormone Therapy,Testosterone,,7MG/ML,cream,30mLTube,V Pharm,TESTOS7MGMLCREA,27.5,,yes,men's-sexual-health,
Hormone Therapy,Testosterone,,8MG/ML,cream,30mLTube,V Pharm,TESTOS8MGMLCREA,27.5,,yes,men's-sexual-health,
Hormone Therapy,Testosterone,,9mg/ml,cream,30mLTube,V Pharm,TESTOS9MGMLCREA,27.5,,yes,men's-sexual-health,
Hormone Therapy,Testosterone,,10mg/ml,cream,30mLTube,V Pharm,TESTOS10MGMLCREA,27.5,,yes,men's-sexual-health,
Hormone Therapy,Testosterone,,20mg/ml,cream,30mLTube,V Pharm,TESTOS20MGMLCREA,27.5,,yes,men's-sexual-health,
Hormone Therapy,Testosterone,,50mg/ml,cream,30mLTube,V Pharm,TESTOS50MGMCREA,27.5,,yes,men's-sexual-health,
Hormone Therapy,Testosterone,,120mg/ml,cream,30mLTube,V Pharm,TESTOS120MGMCREA,27.5,,yes,men's-sexual-health,
Hormone Therapy,Testosterone,,200mg/ml,cream,30mLTube,V Pharm,TESTOS200MGMCREA,27.5,,yes,men's-sexual-health,
Hormone Therapy,Testosterone Cypionate,,25mg/mlGSO;5mLVial,injectable,5ml,V Pharm,TRTGSO255,20,,yes,men's-sexual-health,
Hormone Therapy,TestosteroneCypionate,,25mg/mlMCT;5mLVial,injectable,5ml,V Pharm,TRTMCT255,20,,yes,men's-sexual-health,
Hormone Therapy,TestosteroneCypionate,,200mg/mlGSO;5mLVial,injectable,5ml,V Pharm,TRTGSO5,20,,yes,men's-sexual-health,
Hormone Therapy,TestosteroneCypionate,,200mg/mlMCT;5mLVial,injectable,5ml,V Pharm,TRTMCO5,20,,yes,men's-sexual-health,
Hormone Therapy,TestosteroneCypionate-Commercial,,200mg/ml;10mLVial,injectable,10ml,V Pharm,TESTOS200MGCOM,31.25,,yes,men's-sexual-health,
Hormone Therapy,TestosteroneEnanthate,,200mg/mlGSO;5mLVial,injectable,5ml,V Pharm,TESTOS200MGMOILI,20,,yes,men's-sexual-health,
Dermatology,Tretinoin,,0.024%,cream,30mLTube,V Pharm,TRETCR0.024,31.25,,yes,,
Dermatology,Tretinoin,,0.1%,cream,30mLTube,V Pharm,TRETCR01,37.5,,yes,,
Sexual Wellness,Vardenafil,,20mg,capsule,,V Pharm,VAR-20-CAP-VS,1,,yes,,
Dermatology,Tretinoin,,0.024%,cream,Cream,V Pharm,TRETCR0.024,0.94,,yes,,
Dermatology,Tretinoin,,0.015%,cream,Cream,V Pharm,TRETCR015,0.94,,yes,,
Dermatology,Tretinoin,,0.1%,gel,Gel,V Pharm,TRETCR0100,1.25,,yes,,
Hair Restoration,Biotin / Minoxidil / Spironolactone Capsule,,5/1.25/25 mg,capsule,,V Pharm,BMS525,0.75,,yes,,
Hair Restoration,Biotin / Minoxidil Capsule,,5/1.25mg,capsule,,V Pharm,BIOMIN,0.63,,yes,,
Sexual Wellness,Ergoloid Pentoxifylline Arginine Cream,,Ergoloid 0.05% – Pentoxifylline 5% - Arginine 6%,cream,8GRAMS,V Pharm,ERG-PEN-ARG-CRM-VS,31.25,,yes,,
Hair Restoration,Finasteride,,5mg,capsule,,V Pharm,FINA5,0.5,,yes,,form inferred
Hair Restoration,Finasteride Tretinoin in Minoxidil Scalp Solution,,Finasteride 0.25% - Tretinoin 0.01% in Minoxidil 5%,solution,30ML,V Pharm,FINTM,40,,yes,,
Hormone Therapy,Gonadorelin,,1mg/ml,injectable,5ML,V Pharm,GN1,50,,yes,peptide|fertility,
Weight Management,Methionine/Inositol B12 (Cyanocobalamin),,25/50/50/1MG/ML,injectable,10ML,V Pharm,MEINB12CY,37.5,,yes,lipotropic|injectable,
Hair Restoration,Minoxidil Azelaic acid Finasteride Niacinamide Scalp Suspension,,Minoxidil 7% - Azelaic acid 5% – Finasteride 0.1% - Niacinamide 5%,solution,30ML,V Pharm,MAFNSS,40,,yes,,
Wellness / Longevity,NAD+,,200mg/mL,injectable,5ML,V Pharm,NAD200,43.75,,yes,,
Wellness / Longevity,NAD+Nasal Spray,,30mg/0.1mL,nasal-spray,15ML,V Pharm,NADNS,62.5,,yes,,
Wellness / Longevity,NAD+ Package Bundle IontoPatch Patches,,600mg/mL,patch,6 PATCHES,V Pharm,NADPATCH,106.25,,yes,,
Sexual Wellness,Oxytocin Nasal Spray,,20 units/0.1ml,nasal-spray,12mL,V Pharm,OXYT50,50,,yes,peptide,
Sexual Wellness,Oxytocin Nasal Spray,,20 units/0.1ml,nasal-spray,24mL,V Pharm,OXYT20,75,,yes,peptide,
Sexual Wellness,Scream Cream,,CMPD Sildenafil 1% - Ergoloid 0.05% – Pentoxifylline 5% – Arginine 6%,cream,8 GRAMS,V Pharm,SCREAMCR-VS,31.25,,yes,,
Peptide Therapy,Sermorelin,,3MG/ML,injectable,5 ML VIAL,V Pharm,SER3MG,56.25,,yes,,
Peptide Therapy,Sermorelin Sublingual Suspension in SubMagna™ SL HMW,,2mg/1ml,troche,15mL,V Pharm,SERMSUBSL,50,,yes,,
Sexual Wellness,Sildenafil,,20mg,troche,,V Pharm,SIL20,0.5,,yes,,form inferred
Sexual Wellness,Sildenafil,,100mg,troche,,V Pharm,SIL100,1,,yes,,form inferred
Sexual Wellness,Tadalafil,,5mg,troche,,V Pharm,TADA5MG,0.5,,yes,,form inferred
Sexual Wellness,Tadalafil Sildenafil troche,,5mg/25mg,troche,,V Pharm,TADA5SIL25,1.5,,yes,,
Sexual Wellness,Tadalafil Oxytocin troche,,5mg/100IU,troche,,V Pharm,TADA5OX100,1.5,,yes,peptide,
Sexual Wellness,Tadalafil,,10mg,troche,,V Pharm,TADA10MG,0.5,,yes,,form inferred
Sexual Wellness,Tadalafil Oxytocin troche,,10mg/100IU,troche,,V Pharm,TADA10OX100,1,,yes,peptide,
Sexual Wellness,Tadalafil Oxytocin PT 141 troche,,10mg/100IU/1000mcg,troche,,V Pharm,TAD-OXY-PT141-TRO-VS,2.19,,yes,peptide,
Sexual Wellness,Tadalafil - Sildenafil (Berry) Rapid Dissolve Tablet,,12mg/55mg,troche,,V Pharm,TADA12SIL55B,1.5,,yes,,
Sexual Wellness,Tadalafil,,20mg,troche,,V Pharm,TADA20MG,0.75,,yes,,form inferred
Sexual Wellness,Tadalafil /Oxytocin troche,,20mg/100IU,troche,,V Pharm,TADA20OX100,1,,yes,peptide,
Sexual Wellness,Tadalafil Oxytocin PT 141 troche,,20mg/100IU/1000mcg,troche,,V Pharm,TAD-20-OXY-PT141-TRO-VS,2.19,,yes,peptide,
Sexual Wellness,Tadalafil /Oxytocin troche,,40mg/125IU,troche,,V Pharm,TADA40OX125,1,,yes,peptide,
Hormone Therapy,Testosterone Cypionate -MCT oil (does not ship to Alabama or Cali),,200mg/ml,injectable,5mL,V Pharm,TRTMCO5,20,,yes,men's-sexual-health,
Hormone Therapy,Testosterone Cypionate -Grapeseed oil (does not ship to Alabama or Cali),,200mg/ml,injectable,5mL,V Pharm,TRTGSO5,20,,yes,men's-sexual-health,
Hormone Therapy,TRT Injectable commercial - Ships to all 50 states.,,,injectable,10mL,V Pharm,TESTOS200MGCOM,60,,yes,men's-sexual-health,
Sexual Wellness,Tri-Mix,,30mg/1mg/10mcg/ml,injectable,5ml vial,V Pharm,TRMX1P,50,,yes,,
Hormone Therapy,Estradiol Vaginal Topical Cream,,2.5mg/ml,cream,15ml,V Pharm,ESTR2.5,31,,yes,,
Hormone Therapy,Progesterone capsules - per pill price,,100mg,capsule,,V Pharm,PRGT100CAP,0.75,,yes,,
Hormone Therapy,Progesterone capsules - per pill price,,150mg,capsule,,V Pharm,PRGT150CAP,0.88,,yes,,
Hormone Therapy,Progesterone capsules - per pill price immediate release or sustained released - immediate,,200mg,capsule,,V Pharm,PRGT200CAP,0.94,,yes,,
Dermatology,Epiduo gel generic,,,gel,45g,V Pharm,EPIDUO,37.5,,yes,,
Dermatology,Sulfacetamide lotion,,4oz,lotion,,V Pharm,SULFAC10,125,,yes,,
Hormone Therapy,Testosterone lotion,,5%,lotion,60mg,V Pharm,TEST-LOTION-5-VS,56.25,,yes,men's-sexual-health,
Hormone Therapy,Testosterone lotion,,10%,lotion,60mg,V Pharm,TEST-LOTION-10-VS,62.5,,yes,men's-sexual-health,
Hormone Therapy,Enclomiphene,,12.5mg,capsule,,V Pharm,ENC12.5,1.25,,yes,fertility,form inferred
Peptide Therapy,Sermorelin troche,,500mcg,troche,,V Pharm,SERM-TRO-500-VS,1.56,,yes,,
Hormone Therapy,Estradiol tablets commercial,,1mg,tablet,,V Pharm,ESTR1,0.94,,yes,,
Hormone Therapy,Estradiol tablets commercial,,2mg,tablet,,V Pharm,ESTR2-VS,0.94,,yes,,
Hormone Therapy,Estradiol tablets commercial,,0.5mg,tablet,,V Pharm,ESTR0.5TAB,0.94,,yes,,
Hormone Therapy,Estriol with tretinoin cream,,,cream,30 grams,V Pharm,EST-TRET-CREAM-VS,43.75,,yes,review,estriol+tretinoin — also dermatology
Hormone Therapy,Dotti Estradiol patch,,0.1mg/24hr,patch,4 Patches,V Pharm,DOT-EST-0.1-PATCH-VS,59.38,,yes,,
Hormone Therapy,Dotti Estradiol patch,,0.1mg/24hr,patch,8 Patches,V Pharm,DOT-EST-0.1-PATCH-VS,118.75,,yes,,
Hormone Therapy,Dotti Estradiol patch,,0.1mg/24hr,patch,12 Patches,V Pharm,DOT-EST-0.1-PATCH-VS,168.75,,yes,,
Hormone Therapy,Dotti Estradiol patch,,0.05mg/24hr,patch,4 Patches,V Pharm,DOT-EST-0.05-PATCH-VS,59.38,,yes,,
Hormone Therapy,Dotti Estradiol patch,,0.05mg/24hr,patch,8 Patches,V Pharm,DOT-EST-0.05-PATCH-VS,118.75,,yes,,
Hormone Therapy,Dotti Estradiol patch,,0.05mg/24hr,patch,12 Patches,V Pharm,DOT-EST-0.05-PATCH-VS,168.75,,yes,,
Hormone Therapy,Dotti Estradiol patch,,0.025mg/24hr Patch,patch,4 Patches,V Pharm,DOT-EST-0.025-PATCH-VS,59.38,,yes,,
Hormone Therapy,Dotti Estradiol patch,,0.025mg/24hr Patch,patch,8 Patches,V Pharm,DOT-EST-0.025-PATCH-VS,118.75,,yes,,
Hormone Therapy,Dotti Estradiol patch,,0.025mg/24hr Patch,patch,12 Patches,V Pharm,DOT-EST-0.025-PATCH-VS,168.75,,yes,,
Wellness / Longevity,Methylene Blue,,2.5mg,capsule,,V Pharm,METHBLUE-2.5-VIOS,1.17,,yes,,
Wellness / Longevity,Methylene Blue,,5mg,capsule,,V Pharm,METHBLUE-5-VIOS,1.25,,yes,,
Wellness / Longevity,Methylene Blue,,10mg,capsule,,V Pharm,METHBLUE-10-VIOS,1.95,,yes,,
Wellness / Longevity,Methylene Blue,,25mg,capsule,,V Pharm,METHBLUE-25-VIOS,2.73,,yes,,
Wellness / Longevity,Methylene Blue,,50mg,capsule,,V Pharm,METHBLUE-50-VIOS,3.75,,yes,,
Wellness / Longevity,Methylene Blue,,100mg,capsule,,V Pharm,METHBLUE-100-VS,4.92,,yes,,
Weight Management,Semaglutide Oral Dissolving Tablets,,250mcg,troche,,V Pharm,SG-ODT-250-VS,87.5,,yes,glp-1,
Weight Management,Semaglutide Oral Dissolving Tablets,,500mcg,troche,,V Pharm,SG-ODT-500-VS,87.5,,yes,glp-1,
Weight Management,Semaglutide Oral Dissolving Tablets,,1000mcg,troche,,V Pharm,SG-ODT-1000-VS,106.25,,yes,glp-1,
Weight Management,Semaglutide Oral Dissolving Tablets,,1.5mg,troche,,V Pharm,SG-ODT-1.5-VS,112.5,,yes,glp-1,
Weight Management,Semaglutide Oral Dissolving Tablets,,2mg,troche,,V Pharm,SG-ODT-2-VS,125,,yes,glp-1,
Weight Management,Semaglutide Oral Dissolving Tablets,,2.5mg,troche,,V Pharm,SG-ODT-2.5-VS,131.25,,yes,glp-1,
Weight Management,Tirzepatide Oral Dissolving Tablets,,3MG,troche,,V Pharm,TZT-ODT-3-VS,112.5,,yes,glp-1,
Weight Management,Tirzepatide Oral Dissolving Tablets,,4MG,troche,,V Pharm,TZT-ODT-4-VS,118.75,,yes,glp-1,
Weight Management,Tirzepatide Oral Dissolving Tablets,,5MG,troche,,V Pharm,TZT-ODT-5-VS,131.25,,yes,glp-1,
Weight Management,Tirzepatide Oral Dissolving Tablets,,6MG,troche,,V Pharm,TZT-ODT-6-VS,137.5,,yes,glp-1,
Weight Management,Tirzepatide Oral Dissolving Tablets,,7MG,troche,,V Pharm,TZT-ODT-7-VS,150,,yes,glp-1,
Weight Management,Tirzepatide Oral Dissolving Tablets,,8MG,troche,,V Pharm,TZT-ODT-8-VS,156.25,,yes,glp-1,
Dermatology,HYDROQUINONE/TRETINOIN/HYDROCORTISONE,,6/0.025/1%,cream,,V Pharm,HYDQ-TRET-HYDC-VS,1.56,,yes,,form inferred
Wellness / Longevity,Ondansetron 4mg,,4mg,injectable,30 units,V Pharm,OND4M20,10,,yes,,form inferred
Sexual Wellness,OXYTOCIN,,1 TROCHE/RDT,troche,,V Pharm,,1.25,,yes,peptide,SKU available upon request
Weight Management,Phentermine,,37.5mg,tablet,,V Pharm,PHENTAB375,18.75,,yes,,
Supplies & Fees,TRT IM Syringe Package,,"5 Syringe Pack (1ML LL, 25G NEEDLE, SPIKE, ALCOHOL PADS)",supply,,V Pharm,IM-SYRINGE-5PACK-VS,6,,no,,
Supplies & Fees,TRT IM Syringe Package,,"10 Syringe Pack (1ML LL, 25G NEEDLE, SPIKE, ALCOHOL PADS)",supply,,V Pharm,IM-SYRINGE-10PACK-VS,11,,no,,
Supplies & Fees,TRT SQ Syringe Package,,"5 Syringe Pack (1ML LL, 30G NEEDLE, SPIKE, ALCOHOL PADS)",supply,,V Pharm,SQ-SYRINGE-5PACK-VS,6,,no,,
Supplies & Fees,TRT SQ Syringe Package,,"10 Syringe Pack (1ML LL, 30G NEEDLE, SPIKE, ALCOHOL PADS)",supply,,V Pharm,SQ-SYRINGE-10PACK-VS,11,,no,,
Peptide Therapy,Sermorelin,,15mg,injectable,,V Pharm,SRM15P,110,,yes,,name inferred from SKU SRM15P; form inferred
Wellness / Longevity,NAD+,,1000mg - 100mg/mL - 10mL Vial,injectable,10mL,V Pharm,NAD1000P,75,,yes,,
Wellness / Longevity,Glutathione,,2000mg (200mg/mL) - 10mL Vial,injectable,10mL,V Pharm,GLUT200P,45,,yes,,
Weight Management,MIC/B6/B12,,25/50/50/10/1mg/mL - 10mL Vial,injectable,10mL,V Pharm,MICB6B12P,50,,yes,lipotropic|injectable,
Wellness / Longevity,B12 Cyanocobalamin,,1000mcg/mL - 10mL Vial,injectable,10mL,V Pharm,B12CYAN10P,43,,yes,,
Weight Management,Semaglutide Sublingual,,15mL - 2mg/mL,troche,,V Pharm,,94,,yes,glp-1,SKU available upon request
Weight Management,Semaglutide Sublingual,,15mL - 3mg/mL,troche,,V Pharm,,100,,yes,glp-1,name inferred from context; SKU available upon request
Weight Management,Semaglutide Sublingual,,15mL - 4mg/mL,troche,,V Pharm,,107,,yes,glp-1,name inferred from context; SKU available upon request
Weight Management,Semaglutide Sublingual,,15mL - 6mg/mL,troche,,V Pharm,,113,,yes,glp-1,name inferred from context; SKU available upon request
Weight Management,L-Carnitine Injectable,,500 mg/ml -30ml,injectable,30mL,V Pharm,,62.5,,yes,lipotropic|injectable,SKU available upon request
Dermatology,Doxycycline Hyclate 100mg Tablets,,100mg,tablet,90 units,V Pharm,DOXY-HYC-100-VS,51,,yes,,
Dermatology,Azelaic Acid 4% - Niacinamide 4% - Benzoyl Peroxide 2.5% Cream,,30 gms,cream,,V Pharm,,45,,yes,,SKU available upon request
Dermatology,Acne Cream- Azelaic Acid/Niacinamide /Benzoyl Peroxide 4%/4%/2.5%,,30 mLs,cream,,V Pharm,,45,,yes,,SKU available upon request
Dermatology,Acne Gel - Clindamycin /Spironolactone /Benzoyl Peroxide /Niacinamide /Tretinoin 1%/2%/5%/2%/0.025%,,30 mLs,gel,,V Pharm,,45,,yes,,SKU available upon request
Dermatology,Tretinoin Gel,,0.1%/30mL Tube,gel,,V Pharm,TRETCR0100,37.5,,yes,,
Peptide Therapy,AOD - 9604 Peptides Injectable,,1.2mg/ml,injectable,5mL,V Pharm,AOD9604-WS,100,,yes,weight,
Peptide Therapy,AOD - 9604/MOTs-C Peptides Injectable,,1.2mg/2mg/mL,injectable,5mL,V Pharm,AOD9604-MOT-WS,118.75,,yes,weight,
Peptide Therapy,AOD - 9604/MOTs-C/Tesamorelin Peptides Injectable,,1.2mg/2mg/3mg/mL,injectable,5mL,V Pharm,AOD9604-MOT-T-WS,118.75,,yes,weight,
Peptide Therapy,BPC-157 ACETATE Peptide Capsule,,500mcg,capsule,1 EA,V Pharm,BPC157-AC-WS,2.5,,yes,,
Peptide Therapy,BPC-157 Peptides Injectable,,3mg/mL,injectable,5mL,V Pharm,BPC157-WS,100,,yes,,
Peptide Therapy,BPC-157/GHK-CU/KPV/TB500 Peptide Injectable,,3mg/10mg/3mg/3mg/mL,injectable,5mL,V Pharm,BPC157-GHK-KPV-TB-WS,118.75,,yes,,
Peptide Therapy,BPC-157/KPV/TB500 Peptides Injectable,,3mg/3mg/3mg/mL,injectable,5mL,V Pharm,BPC157-KPV-TB-WS,118.75,,yes,,
Peptide Therapy,BPC-157/TB-500/GHK-Cu,,3/3/10mg/mL,injectable,5mL,V Pharm,BPC-TB-GHK-WS,118.75,,yes,,
Peptide Therapy,BPC-157/TB500 Peptides Injectable,,3mg/3mg/mL,injectable,5mL,V Pharm,BPC157-TB-WS,118.75,,yes,,
Peptide Therapy,CJC/Ipamorelin Peptides Injectable,,1.2mg/2mg,injectable,5mL,V Pharm,CJC-IPA-WS,118.75,,yes,,
Peptide Therapy,Dihexa/Tesofensine,,5mg/500mcg,injectable,1 EA,V Pharm,DIH-TES-CAP-WS,3.6,,yes,review,cognitive/weight combo — confirm category
Peptide Therapy,DSIP Peptides Injectable,,1mg/mL,injectable,5mL,V Pharm,DSIP-WS,100,,yes,,
Peptide Therapy,DSIP/BPC/CJC Peptides Injectable,,1mg/2mg/2mg/mL,injectable,5mL,V Pharm,DSIP-BPC-CJC-WS,118.75,,yes,,
Peptide Therapy,Epithalon Peptides Injectable,,2mg/mL,injectable,5mL,V Pharm,EPITHALON-WS,100,,yes,,
Peptide Therapy,GHK-Cu Peptides Injectable,,10mg/mL,injectable,5mL,V Pharm,GHK-CU-WS,100,,yes,,
Peptide Therapy,GHK-Cu/Epithalon Peptides Injectable,,10mg/2mg/mL,injectable,5mL,V Pharm,GHK-CU-EPI-WS,118.75,,yes,,
Hormone Therapy,Gonadorelin 503B HRT Injectable,,1mg/mL,injectable,5mL,V Pharm,GONAD-HRT-WS,75,,yes,peptide|fertility,
Hormone Therapy,Gonadorelin 503B HRT Injectable,,2mg/mL,injectable,10mg/5mL vial,V Pharm,GONAD-HRT-WS,100,,yes,peptide|fertility,
Hormone Therapy,HCG (Chorionic) - Commercial HRT Injectable,,"10,000iu",injectable,,V Pharm,HCG-CH-WS,262.5,,yes,fertility,
Peptide Therapy,IGF-LR3 Peptides Injectable,,200mcg/mL,injectable,5mL,V Pharm,IGF-LR3-WS,100,,yes,,
Hormone Therapy,Kisspeptin Peptides Injectable,,1mg/mL,injectable,5mL,V Pharm,KISSPEPTIN-WS,100,,yes,peptide|fertility,
Weight Management,Liraglutide 503B Weight Loss Injectable,,6mg/mL,injectable,(42mg/7mL Vial),V Pharm,LIRAGLUTIDE-WS,73.75,,yes,glp-1,
Weight Management,Liraglutide 503B Weight Loss Injectable,,6mg/mL,injectable,(90mg/15mL Vial),V Pharm,LIRAGLUTIDE15-WS,123.75,,yes,glp-1,
Peptide Therapy,LL-37 Peptides Injectable,,2mg/mL,injectable,5mL,V Pharm,LL-37-WS,100,,yes,,
Peptide Therapy,MK 677 (Ibutamoren) Capsules,,25mg,capsule,,V Pharm,MK677-WS,5,,yes,,non-peptide oral GH secretagogue
Peptide Therapy,MOTS-C Peptides Injectable,,2mg/ml,injectable,5mL,V Pharm,MOTS-C-WS,100,,yes,,
Hormone Therapy,Nandrolone DECANOATE HRT Injectable,,200mg/mL,injectable,5mL,V Pharm,NAND-DEC-WS,93.75,,yes,anabolic,
Hormone Therapy,Oxandrolone HRT Capsule,,10mg,capsule,10mg,V Pharm,OXANDROLONE10-WS,5,,yes,anabolic,
Hormone Therapy,Oxandrolone HRT Capsule,,25mg,capsule,25mg,V Pharm,OXANDROLONE25-WS,5.63,,yes,anabolic,
Hormone Therapy,Oxandrolone HRT Capsule,,50mg,capsule,50mg,V Pharm,OXANDROLONE50-WS,7.75,,yes,anabolic,
Hormone Therapy,Oxandrolone HRT Capsule,,5mg,capsule,5mg,V Pharm,OXANDROLONE5-WS,3.75,,yes,anabolic,
Sexual Wellness,Oxytocin HRT Rapid Dissolve Tablet,,250IU,troche,250IU,V Pharm,OXY-RDT-250-WS,2.81,,yes,peptide,
Sexual Wellness,Oxytocin HRT Rapid Dissolve Tablet,,50IU,troche,50IU,V Pharm,OXY-RDT-50-WS,2.5,,yes,peptide,
Peptide Therapy,Pinealon/PE22-28/Selank Peptides Injectable,,2mg/2mg/2mg/mL,injectable,5mL,V Pharm,PIN-PE22-SEL-WS,118.75,,yes,,
Sexual Wellness,PT-141 Peptides Injectable,,2mg/mL,injectable,5mL,V Pharm,PT141-WS,100,,yes,peptide,
Peptide Therapy,Semax/Selank Peptides Injectable,,1mg/1mg/mL,injectable,5mL,V Pharm,SEM-SEL-WS,118.75,,yes,,
Peptide Therapy,Sermorelin,,3mg/mL,injectable,5mL,V Pharm,SEM-SEL-WS,125,,yes,,
Peptide Therapy,Tesamorelin / Ipamorelin Peptides Injectable,,2mg/2mg/mL/5mL,injectable,5mL,V Pharm,TES-IPA-WS,118.75,,yes,,
Peptide Therapy,Tesamorelin Peptides Injectable,,3mg/mL/5mL,injectable,5mL,V Pharm,TES-WS,100,,yes,,
Peptide Therapy,Thymosin A-1 Peptides Injectable,,5mg/mL,injectable,5mL,V Pharm,THYMOSIN-WS,100,,yes,,
Weight Management,Semaglutide + Glycine 1.25mg/5mg per ml (1ml vial),,1.25mg/5mg per ml (1ml vial),injectable,1ml,V Pharm,SGGLY-1.25-5-1-DX,45,,yes,glp-1,
Weight Management,Semaglutide + Glycine 1.25mg/5mg per ml (2ml vial),,1.25mg/5mg per ml (2ml vial),injectable,2ml,V Pharm,SGGLY-1.25-5-2-DX,55,,yes,glp-1,
Weight Management,Semaglutide + Glycine 2.5 mg/5mg per ml (2 ml vial),,2.5 mg/5mg per ml (2 ml vial),injectable,2ml,V Pharm,SGGLY-2.5-5-2-DX,58,,yes,glp-1,
Weight Management,Semaglutide + Glycine 3.125mg/5mg per ml (4ml vial),,3.125mg/5mg per ml (4ml vial),injectable,4ml,V Pharm,SGGLY-3.125-5-4-DX,70,,yes,glp-1,
Weight Management,Semaglutide + B12 1.25mg/0.5mg per ml (2ml vial),,1.25mg/0.5mg per ml (2ml vial),injectable,2ml,V Pharm,SGB12-1.25-0.5-2-DX,55,,yes,glp-1,
Weight Management,Semaglutide + B12 2.5 mg/0.5mg per ml (2 ml vial),,2.5mg/0.5mg per ml (2ml vial),injectable,2ml,V Pharm,SGB12-2.5-0.5-2-DX,58,,yes,glp-1,
Weight Management,Semaglutide + B12 3.125mg/0.5mg per ml (4ml vial),,3.125mg/0.5mg per ml (2ml vial),injectable,4ml,V Pharm,SGB12-3.125-0.5-4-DX,70,,yes,glp-1,
Weight Management,Semaglutide/Methylcobalamin/Glycine,,1mg/1mg/10mg/ml,injectable,1mL,V Pharm,SGMG1-VS,78,,yes,glp-1,
Weight Management,Semaglutide/Methylcobalamin/Glycine,,1mg/1mg/10mg/ml,injectable,2.5mL,V Pharm,SGMG2.5-VS,96,,yes,glp-1,
Weight Management,Semaglutide/Methylcobalamin/Glycine,,5mg/1mg/10mg/ml,injectable,1mL,V Pharm,SGMG5-VS,120,,yes,glp-1,
Weight Management,Semaglutide/Methylcobalamin/Glycine,,5mg/1mg/10mg/ml,injectable,2.5mL,V Pharm,SGMG12.5-VS,138,,yes,glp-1,
Weight Management,Tirzepatide + Glycine 8.5 mg/5mg per ml (1ml vial),,8.5 mg/5mg per ml (1ml vial),injectable,1ml,V Pharm,TZTGLY-8.5-5-1-DX,60,,yes,glp-1,
Weight Management,Tirzepatide + Glycine 8.5 mg/5mg per ml (2ml vial),,8.5 mg/5mg per ml (2ml vial),injectable,2ml,V Pharm,TZTGLY-8.5-5-2-DX,78,,yes,glp-1,
Weight Management,Tirzepatide + Glycine 17 mg/5mg per ml (2ml vial),,17 mg/5mg per ml (2ml vial),injectable,2ml,V Pharm,TZTGLY-17-5-2-DX,93,,yes,glp-1,
Weight Management,Tirzepatide + Glycine 17mg/5mg per ml (4ml vial),,17mg/5mg per ml (4ml vial),injectable,4ml,V Pharm,TZTGLY-17-5-2-DX,114,,yes,glp-1,
Weight Management,Tirzepatide + B12 8.5 mg/0.5mg per ml (2ml vial),,8.5 mg/0.5mg per ml (2ml vial),injectable,2ml,V Pharm,TZTB12-8.5-0.5-2-DX,78,,yes,glp-1,
Weight Management,Tirzepatide + B12 17 mg/0.5mg per ml (2ml vial),,17 mg/0.5mg per ml (2ml vial),injectable,2ml,V Pharm,TZTB12-17-0.5-2-DX,93,,yes,glp-1,
Weight Management,Tirzepatide + B12 17mg/0.5mg per ml (4ml vial),,17mg/0.5mg per ml (4ml vial),injectable,4ml,V Pharm,TZTB12-17-0.5-4-DX,114,,yes,glp-1,
Weight Management,Tirzepatide/Glycine/Methylcobalamin,,8.5mg/10mg/1mg/ml,injectable,2mL,V Pharm,TZTGM172-VS,78,,yes,glp-1,
Weight Management,Tirzepatide/Glycine/Methylcobalamin,,17mg/10mg/1mg/ml,injectable,2mL,V Pharm,TZTGM342-VS,168,,yes,glp-1,
Weight Management,Tirzepatide/Glycine/Methylcobalamin,,17mg/10mg/1mg/ml,injectable,4mL,V Pharm,TZTGM344-VS,198,,yes,glp-1,
Weight Management,Tirzepatide/L-Carnitine,,10mg/100mg/ml,injectable,1mL,V Pharm,TZTC101-VS,126,,yes,glp-1,
Weight Management,Tirzepatide/L-Carnitine,,10mg/100mg/ml,injectable,3mL,V Pharm,TZTC103-VS,156,,yes,glp-1,
Weight Management,Tirzepatide/L-Carnitine,,20mg/100mg/ml,injectable,3mL,V Pharm,TZTC203-VS,186,,yes,glp-1,
Peptide Therapy,Ara-290,,10mg,injectable,vial,Peptides Supplier,,48,,yes,,
Peptide Therapy,AOD-9604,,5mg,injectable,vial,Peptides Supplier,,53,,yes,weight,
Peptide Therapy,BPC-157,,5mg,injectable,vial,Peptides Supplier,,27,,yes,,
Peptide Therapy,BPC-157,,10mg,injectable,vial,Peptides Supplier,,44,,yes,,
Peptide Therapy,BPC-157 / GHK-Cu / KPV / TB-500,,10mg / 50mg / 10mg / 10mg,injectable,vial,Peptides Supplier,,68,,yes,,
Peptide Therapy,BPC-157 / GHK-Cu / TB-500,,10mg / 50mg / 10mg,injectable,vial,Peptides Supplier,,59,,yes,,
Peptide Therapy,BPC-157 / TB-500,,5mg / 5mg,injectable,vial,Peptides Supplier,,44,,yes,,
Peptide Therapy,BPC-157 / TB-500,,10mg / 10mg,injectable,vial,Peptides Supplier,,51,,yes,,
Weight Management,Cagrilintide,,5mg,injectable,vial,Peptides Supplier,,61,,yes,amylin,"amylin analog, not a GLP-1"
Peptide Therapy,CJC-1295,,10mg,injectable,vial,Peptides Supplier,,56,,yes,,
Peptide Therapy,CJC-1295 with DAC,,5mg,injectable,vial,Peptides Supplier,,46,,yes,,
Peptide Therapy,CJC-1295 / Ipamorelin,,5mg / 5mg,injectable,vial,Peptides Supplier,,53,,yes,,
Peptide Therapy,DSIP,,10mg,injectable,vial,Peptides Supplier,,48,,yes,,
Peptide Therapy,Epithalon,,10mg,injectable,vial,Peptides Supplier,,35,,yes,,
Peptide Therapy,GHK-Cu,,50mg,injectable,vial,Peptides Supplier,,40,,yes,,
Peptide Therapy,GHK-Cu,,100mg,injectable,vial,Peptides Supplier,,50,,yes,,
Peptide Therapy,GHRP-2,,10mg,injectable,vial,Peptides Supplier,,46,,yes,,
Peptide Therapy,GHRP-6,,10mg,injectable,vial,Peptides Supplier,,46,,yes,,
Peptide Therapy,IGF-1 LR3,,1mg,injectable,vial,Peptides Supplier,,84,,yes,,
Wellness / Longevity,Glutathione,,1500mg,injectable,vial,Peptides Supplier,,64,,yes,,
Peptide Therapy,Ipamorelin,,10mg,injectable,vial,Peptides Supplier,,47,,yes,,
Peptide Therapy,KPV,,10mg,injectable,vial,Peptides Supplier,,40,,yes,,
Peptide Therapy,LL-37,,5mg,injectable,vial,Peptides Supplier,,53,,yes,,
Peptide Therapy,MOTS-C,,10mg,injectable,vial,Peptides Supplier,,46,,yes,,
Peptide Therapy,MT-II (Melanotan II),,10mg,injectable,vial,Peptides Supplier,,46,,yes,,
Wellness / Longevity,NAD+,,500mg,injectable,vial,Peptides Supplier,,40,,yes,,
Wellness / Longevity,NAD+,,1000mg,injectable,vial,Peptides Supplier,,55,,yes,,
Sexual Wellness,Oxytocin,,10mg,injectable,vial,Peptides Supplier,,35,,yes,peptide,
Peptide Therapy,Pinealon,,20mg,injectable,vial,Peptides Supplier,,52,,yes,,
Sexual Wellness,PT-141,,10mg,injectable,vial,Peptides Supplier,,47,,yes,peptide,
Weight Management,Retatrutide,,10mg,injectable,vial,Peptides Supplier,,60,,yes,glp-1,
Weight Management,Retatrutide,,20mg,injectable,vial,Peptides Supplier,,80,,yes,glp-1,
Weight Management,Retatrutide,,30mg,injectable,vial,Peptides Supplier,,100,,yes,glp-1,
Weight Management,Retatrutide,,60mg,injectable,vial,Peptides Supplier,,150,,yes,glp-1,
Peptide Therapy,Selank,,11mg,injectable,vial,Peptides Supplier,,47,,yes,,
Peptide Therapy,Selank / Semax (Nasal),,10mg / 10mg,nasal-spray,vial,Peptides Supplier,,55,,yes,,
Weight Management,Semaglutide,,5mg,injectable,vial,Peptides Supplier,,40,,yes,glp-1,
Weight Management,Semaglutide,,10mg,injectable,vial,Peptides Supplier,,43,,yes,glp-1,
Peptide Therapy,Semax,,11mg,injectable,vial,Peptides Supplier,,47,,yes,,
Peptide Therapy,Sermorelin,,10mg,injectable,vial,Peptides Supplier,,57,,yes,,
Peptide Therapy,SS-31,,50mg,injectable,vial,Peptides Supplier,,93,,yes,,
Peptide Therapy,TB-500,,10mg,injectable,vial,Peptides Supplier,,44,,yes,,
Peptide Therapy,Tesamorelin,,10mg,injectable,vial,Peptides Supplier,,63,,yes,,
Peptide Therapy,Tesamorelin / Ipamorelin,,5mg / 5mg,injectable,vial,Peptides Supplier,,54,,yes,,
Peptide Therapy,Thymalin,,10mg,injectable,vial,Peptides Supplier,,47,,yes,,
Peptide Therapy,Thymosin Alpha-1,,10mg,injectable,vial,Peptides Supplier,,65,,yes,,
Weight Management,Tirzepatide,,10mg,injectable,vial,Peptides Supplier,,60,,yes,glp-1,
Weight Management,Tirzepatide,,30mg,injectable,vial,Peptides Supplier,,80,,yes,glp-1,
Weight Management,Tirzepatide,,60mg,injectable,vial,Peptides Supplier,,120,,yes,glp-1,
Peptide Therapy,Tesamorelin / Ipamorelin Blend,,12mg / 6mg,injectable,vial,Peptides Supplier,,65,,yes,,
Weight Management,Tirzepatide + Glycine,Tirzepatide 10mg + Glycine 5mg 1mL,10mg + Glycine 5mg 1mL,injectable,1mL,S Pharm,,35,,yes,glp-1,
Weight Management,Tirzepatide + Glycine,Tirzepatide 20mg + Glycine 10mg 2mL,20mg + Glycine 10mg 2mL,injectable,2mL,S Pharm,,45,,yes,glp-1,
Weight Management,Tirzepatide + Glycine,Tirzepatide 30mg + Glycine 15mg 3mL,30mg + Glycine 15mg 3mL,injectable,3mL,S Pharm,,55,,yes,glp-1,
Weight Management,Tirzepatide + Glycine,Tirzepatide 40mg + Glycine 10mg 2mL,40mg + Glycine 10mg 2mL,injectable,2mL,S Pharm,,65,,yes,glp-1,
Weight Management,Tirzepatide + Glycine,Tirzepatide 60mg + Glycine 15mg 3mL,60mg + Glycine 15mg 3mL,injectable,3mL,S Pharm,,75,,yes,glp-1,
Weight Management,Semaglutide + Glycine,Semaglutide 1.5mg + Glycine 5mg 1mL,1.5mg + Glycine 5mg 1mL,injectable,1mL,S Pharm,,15,,yes,glp-1,
Weight Management,Semaglutide + Glycine,Semaglutide 2.5mg + Glycine 5mg 1mL,2.5mg + Glycine 5mg 1mL,injectable,1mL,S Pharm,,15,,yes,glp-1,
Weight Management,Semaglutide + Glycine,Semaglutide 3.75mg + Glycine 12.5mg 2.5mL,3.75mg + Glycine 12.5mg 2.5mL,injectable,2.5mL,S Pharm,,20,,yes,glp-1,
Weight Management,Semaglutide + Glycine,Semaglutide 6.25mg + Glycine 12.5mg 2.5mL,6.25mg + Glycine 12.5mg 2.5mL,injectable,2.5mL,S Pharm,,25,,yes,glp-1,
Weight Management,Semaglutide + Glycine,Semaglutide 8.75mg + Glycine 17.5mg 3.5mL,8.75mg + Glycine 17.5mg 3.5mL,injectable,3.5mL,S Pharm,,35,,yes,glp-1,
Weight Management,Semaglutide + Glycine,Semaglutide 10mg + Glycine 10mg 2mL,10mg + Glycine 10mg 2mL,injectable,2mL,S Pharm,,40,,yes,glp-1,
Supplies & Fees,Total Processing Fee,,,other,,S Pharm,,25,,no,,
Supplies & Fees,Cold Chain Overnight Shipping - Included,,,other,,S Pharm,,0,,no,,
Supplies & Fees,Syringes + Alcohol Pads - Included,,,supply,,S Pharm,,0,,no,,
